,Unnamed: 0,name,prompt,adj1,adj2,style,mos_quality,std_quality,mos_align,std_align,gemma_al
0,2409,sd1.5_normal_027.jpg,the large cresting waves,,,,1.678769845,0.674854537,2.379342601,0.963561553,0.95
1,1547,sd1.5_highcorr_065.jpg,"an environmental concept art, anime style",,,anime style,2.994111578,0.822401806,3.158021435,1.092773732,0.75
2,881,glide_normal_291.jpg,"oil painting portrait of anthropomorphic female green fox animal, long-shot, hyper detail, sci-fi style",long-shot,hyper detail,sci-fi style,1.816768581,0.61724461,2.166015202,0.787201407,0.2
3,331,DALLE2_normal_032.jpg,an emo portrait painting,,,,2.478791084,1.026343194,2.777653346,0.550424752,0.75
4,2225,sd1.5_lowstep_143.jpg,"portrait of squids swarming the ocean, elevation view",elevation view,,,2.851759102,0.894127491,2.166015202,0.550344023,0.45
5,1242,midjourney_normal_057.jpg,sartre hugging a sad alien,,,,4.143844218,0.404732706,3.726316663,0.605461695,0.85
6,678,glide_normal_088.jpg,"a space shuttle flying in space, abstract style",,,abstract style,1.086342024,0.711934289,2.139899198,1.127248295,0.05
7,1216,midjourney_normal_030.jpg,brand logo fruit company,,,,2.433989441,0.536688873,2.988713021,0.704842281,0.95
8,1029,midjourney_lowstep_141.jpg,"a portrait of girl bard in red dress, cold color",cold color,,,2.817259418,0.256599604,2.782294356,0.799222141,0.85
9,1953,sd1.5_lowcorr_171.jpg,"grumpy disney princess sitting in a cave, cold color",cold color,,,1.860824639,0.555100191,2.429909143,1.057197034,0.75
10,1114,midjourney_lowstep_226.jpg,"an anatomically correct cybertronic human heart, cold color, close-up",cold color,close-up,,1.674946946,0.555254957,3.154626828,0.916977343,0.45
11,811,glide_normal_221.jpg,"goose being zipped - up by man in orange shirt, warm color, elevation view",warm color,elevation view,,0.686725341,0.23395544,0.753963515,0.236059203,0.2
12,2269,sd1.5_lowstep_187.jpg,"softboy aesthetic in ancient greek clothing, hyper detail, realistic style",hyper detail,,realistic style,0.739960598,0.744842911,1.009528271,0.691204646,0.05
13,1271,midjourney_normal_087.jpg,"a tonalism portrait of a ghost , realistic style",,,realistic style,2.758973195,0.775130189,2.75903949,0.534372539,0.85
14,93,AttnGAN_normal_093.jpg,"photo of tony danza eating chili, abstract style",,,abstract style,1.478164096,0.644720816,0.696883506,0.501431398,0.05
15,2118,sd1.5_lowstep_036.jpg,gnome warfare at walmart,,,,2.703383915,0.302327474,1.982792998,0.892086408,0.75
16,1702,sd1.5_highcorr_220.jpg,"sparkling heart blue mana tree inside a marble, warm color, top view",warm color,top view,,2.503716151,0.566916287,2.10471773,0.856300491,0.75
17,2700,xl2.2_normal_018.jpg,man hating his printer,,,,3.516490125,0.539335615,2.954104154,0.809048123,0.85
18,2863,xl2.2_normal_181.jpg,"an underwater photo of coral in the ocean, cold color, sci-fi style",cold color,,sci-fi style,2.867249225,0.52783085,3.142688856,0.509894417,0.95
19,144,AttnGAN_normal_144.jpg,"pendant of a silver starfish necklace, close-up",close-up,,,1.16308973,1.160317658,0.739160734,1.285544458,0.05
20,1421,midjourney_normal_239.jpg,"a small grassland nestled in the hollow of a tree, elevation view, long-shot",elevation view,long-shot,,3.062007692,0.633605077,2.824058767,0.822173125,0.85
21,1800,sd1.5_lowcorr_018.jpg,man hating his printer,,,,2.776844014,0.635934855,1.944623742,1.01590336,0.65
22,289,AttnGAN_normal_289.jpg,"portrait photo of a scientist deformed by some unknown disease, close-up, hyper detail, baroque style",close-up,hyper detail,baroque style,0.0,0.147340472,0.058708113,0.366031465,0.05
23,1350,midjourney_normal_166.jpg,"a cybertronic metallic green tree frog , blurred detail",blurred detail,,,3.673072716,0.478161576,3.402927392,0.532600888,0.75
24,2762,xl2.2_normal_080.jpg,"painted portrait of goblin man, anime style",,,anime style,2.956675282,0.522167942,4.081257224,0.44648019,0.85
25,192,AttnGAN_normal_192.jpg,"beautiful ancient temple in a formal garden, top view, realistic style",top view,,realistic style,1.144024742,0.561674132,0.957159937,0.733296098,0.15
26,2460,sd1.5_normal_078.jpg,"tree of life embroidered scene, abstract style",,,abstract style,3.707018893,0.564325919,3.522621893,0.326936641,0.95
27,63,AttnGAN_normal_063.jpg,"overwatch small hut building, abstract style",,,abstract style,0.986154364,0.339139321,0.70828361,0.497767609,0.15
28,1222,midjourney_normal_036.jpg,gnome warfare at walmart,,,,3.196755943,0.547887298,2.971918712,0.763404796,0.65
29,1891,sd1.5_lowcorr_109.jpg,"photograph of beautiful landscape, baroque style",,,baroque style,3.756916035,1.083402033,3.720100101,1.054525458,0.75
30,2010,sd1.5_lowcorr_228.jpg,"a kitten with two little goat horns on his head, warm color, blurred detail",warm color,blurred detail,,3.291209376,0.87041229,2.653717779,1.14762394,0.95
31,2119,sd1.5_lowstep_037.jpg,demon queen with red eyes,,,,3.024257523,0.464251279,3.102285456,0.460362887,0.95
32,1468,midjourney_normal_286.jpg,"an epic artistic colourful natural scene on an alien planet, elevation view, soft lighting, sci-fi style",elevation view,soft lighting,sci-fi style,3.245339277,0.711825742,3.348349994,0.271818784,0.85
33,942,midjourney_lowstep_053.jpg,castle from howl's sticker,,,,1.696019687,0.87769098,2.841551967,0.632415009,0.95
34,1174,midjourney_lowstep_288.jpg,"a beautiful painting of old golden samovars of russian empire, close-up, blurred detail, abstract style",close-up,blurred detail,abstract style,2.96825071,0.713925119,3.10230551,1.036185438,0.85
35,944,midjourney_lowstep_055.jpg,a small ocean full of life,,,,1.977251303,0.697641955,1.495178959,1.12967246,0.65
36,1064,midjourney_lowstep_176.jpg,"a painting of pink panther as a vampire , blurred detail",blurred detail,,,2.314518391,0.544983077,1.834092443,1.180530656,0.65
37,2053,sd1.5_lowcorr_271.jpg,"the gold skull coming out from open cracked marble head, cold color, hyper detail, sci-fi style",cold color,hyper detail,sci-fi style,2.882005876,0.645213215,2.554178395,0.510227002,0.2
38,2579,sd1.5_normal_197.jpg,"storm troopers cosplaying the power rangers , hyper detail, realistic style",hyper detail,,realistic style,3.066652656,0.35225924,3.318907491,0.477540931,0.95
39,1533,sd1.5_highcorr_051.jpg,hanging gardens of babylon,,,,3.645914271,0.477898507,3.514248281,1.056068743,0.75
40,2293,sd1.5_lowstep_211.jpg,"a woman in a trench coat looking out a window, cold color, sci-fi style",cold color,,sci-fi style,2.509487485,0.588762855,2.798535131,0.517787363,0.85
41,2423,sd1.5_normal_041.jpg,a raspberry made of metal,,,,3.274744941,0.755657843,1.9250157,0.822831973,0.05
42,2593,sd1.5_normal_211.jpg,"a woman in a trench coat looking out a window, cold color, sci-fi style",cold color,,sci-fi style,2.586734895,1.026263103,3.080096813,0.489322101,0.85
43,930,midjourney_lowstep_040.jpg,an elaborate robot coding,,,,1.358005834,0.756235275,1.340055066,0.624783555,0.65
44,2091,sd1.5_lowstep_009.jpg,girl from fight club,,,,2.574642925,0.357780324,1.928094768,0.672509907,0.65
45,485,DALLE2_normal_193.jpg,"a portrait of a female robot made from code, elevation view, abstract style",elevation view,,abstract style,3.474165563,0.665936609,2.52206564,0.576255923,0.45
46,211,AttnGAN_normal_211.jpg,"a woman in a trench coat looking out a window, cold color, sci-fi style",cold color,,sci-fi style,0.807856712,0.398430572,0.60877307,0.677532635,0.25
47,1234,midjourney_normal_049.jpg,portrait of evil alchemist,,,,3.92737756,0.522641898,3.708798973,1.474879694,0.85
48,554,DALLE2_normal_263.jpg,"cute animal character sleeping in the space station, cold color, elevation view, abstract style",cold color,elevation view,abstract style,2.11262753,0.620894652,2.999433191,0.829883622,0.85
49,2270,sd1.5_lowstep_188.jpg,"portrait painting of a west hightland white, soft lighting, abstract style",soft lighting,,abstract style,1.594706548,0.715585856,1.94279623,1.024343545,0.65
50,1979,sd1.5_lowcorr_197.jpg,"storm troopers cosplaying the power rangers , hyper detail, realistic style",hyper detail,,realistic style,2.882341659,0.486793389,2.617418083,1.181537933,0.2
51,1553,sd1.5_highcorr_071.jpg,"smart sri lanka buddhist monk, sci-fi style",,,sci-fi style,3.150997182,0.440860751,3.147905927,0.584290545,0.15
52,1727,sd1.5_highcorr_245.jpg,"fullbody portrait of half - fox woman with fox ears, top view, HDR lighting",top view,HDR lighting,,2.746509754,0.451342975,2.665169971,0.753534875,0.85
53,594,glide_normal_004.jpg,red and blue armor,,,,0.592610402,0.369415555,1.153704822,0.702109438,0.2
54,1273,midjourney_normal_089.jpg,"a crocodile in a new york sewer, baroque style",,,baroque style,3.657064334,0.361576533,3.375908012,0.711484282,0.25
55,174,AttnGAN_normal_174.jpg,"ancient golden chrome finish skateboard , close-up",close-up,,,1.014269206,0.795171719,0.70828361,0.799693493,0.05
56,52,AttnGAN_normal_052.jpg,concept art of giant ogres,,,,1.168900836,0.472985683,0.845084862,0.641668615,0.2
57,1462,midjourney_normal_280.jpg,"rats in tuxedos drinking champagne in bubbles in the space, top view, blurred detail, anime style",top view,blurred detail,anime style,3.389973337,0.285640481,3.364507908,0.454615107,0.85
58,332,DALLE2_normal_033.jpg,the pope had a rock band,,,,2.742340814,0.567100146,2.574726496,0.903119279,0.75
59,1270,midjourney_normal_086.jpg,"a very drunk person named aaron, sci-fi style",,,sci-fi style,3.9689969,0.179142069,3.715711518,0.467427911,0.85
60,2508,sd1.5_normal_126.jpg,"the shogoth wearing a santa costume, blurred detail",blurred detail,,,1.931518323,0.200283157,3.262068577,0.822965095,0.65
61,1517,sd1.5_highcorr_035.jpg,illustration of a rowboat,,,,2.526119865,0.922657192,3.075004622,0.786121099,0.95
62,45,AttnGAN_normal_045.jpg,superman punches the pope,,,,1.252358797,0.630744468,0.325327435,0.533822636,0.05
63,2760,xl2.2_normal_078.jpg,"tree of life embroidered scene, abstract style",,,abstract style,3.30238721,0.487585817,3.799471502,0.44372683,0.95
64,1675,sd1.5_highcorr_193.jpg,"a portrait of a female robot made from code, elevation view, abstract style",elevation view,,abstract style,2.489938377,0.597990521,2.283154863,0.880313623,0.85
65,2014,sd1.5_lowcorr_232.jpg,"steampunk owl inside a glass jar buried in sand, warm color, soft lighting",warm color,soft lighting,,3.524062705,0.659239873,3.469961038,0.638353867,0.85
66,178,AttnGAN_normal_178.jpg,"a car crawling with human hands and feet, soft lighting",soft lighting,,,0.358179955,0.202805781,0.282183064,0.437292499,0.45
67,102,AttnGAN_normal_102.jpg,"a grand stag in a fantasy forest, realistic style",,,realistic style,0.799027902,0.749671265,1.087526681,1.192546223,0.2
68,2707,xl2.2_normal_025.jpg,a still of breaking bad,,,,3.445007041,0.300764992,3.080115584,0.660562197,0.95
69,695,glide_normal_105.jpg,"a 2 d guitarist character design, anime style",,,anime style,1.012573225,0.740208205,1.245039896,1.394164653,0.1
70,1904,sd1.5_lowcorr_122.jpg,"chinese demon god character design, top view",top view,,,3.041723666,0.844090638,3.351474113,0.650915208,0.75
71,354,DALLE2_normal_056.jpg,survival in a winter forest,,,,3.124885569,0.877463741,2.666882993,1.012379564,0.85
72,0,AttnGAN_normal_000.jpg,statue of a man,,,,0.965602553,0.223270101,0.40889324,0.615607722,0.65
73,1911,sd1.5_lowcorr_129.jpg,"portrait of a beautiful young woman, HDR lighting",HDR lighting,,,3.330022312,0.236067301,3.510154573,0.724252232,0.95
74,1057,midjourney_lowstep_169.jpg,"profile face portrait of a tin toy robot, HDR lighting",HDR lighting,,,2.746509754,0.276466067,3.345634382,0.463961845,0.95
75,2512,sd1.5_normal_130.jpg,"photography of a happy blonde girl , warm color",warm color,,,3.360750593,0.389271786,3.480852014,0.414291084,0.95
76,506,DALLE2_normal_214.jpg,"render of rivendell dreamy beautiful landscape, close-up, baroque style",close-up,,baroque style,3.088457462,0.43190077,3.17765537,1.018208869,0.45
77,781,glide_normal_191.jpg,"cute fluffy golden teddy bear eating bagels, cold color, sci-fi style",cold color,,sci-fi style,1.948511424,0.481397747,1.599528985,0.554946006,0.45
78,700,glide_normal_110.jpg,"painted portrait of intense woman, anime style",,,anime style,0.229783115,1.008224322,0.388286871,0.514066765,0.2
79,324,DALLE2_normal_025.jpg,a still of breaking bad,,,,3.089166137,0.716777786,2.545756544,0.847135566,0.65
80,1378,midjourney_normal_194.jpg,"a cyborg jellyfish swimming in a vast ocean, close-up, baroque style",close-up,,baroque style,3.438253731,0.968037989,3.434128078,0.669408468,0.25
81,2149,sd1.5_lowstep_067.jpg,"a woman in newspaper clothes, realistic style",,,realistic style,2.785504238,0.592610287,2.201697271,0.789768267,0.65
82,322,DALLE2_normal_023.jpg,king kong on fighting,,,,2.679260682,0.619951524,2.403045646,0.900579927,0.65
83,436,DALLE2_normal_142.jpg,"a biomechanical passion fruit flower, top view",top view,,,2.14357511,0.892794556,2.443074357,0.883925442,0.85
84,527,DALLE2_normal_235.jpg,"steampunk squid inside a glass jar buried in sand, cold color, HDR lighting",cold color,HDR lighting,,2.874527714,0.34594864,3.043538165,0.579517485,0.85
85,2382,sd1.5_normal_000.jpg,statue of a man,,,,0.44999057,0.319877891,0.678198368,0.488624139,0.2
86,2348,sd1.5_lowstep_266.jpg,"scottish stone cairn inside a glass jar buried in sand, cold color, close-up, sci-fi style",cold color,close-up,sci-fi style,2.654631009,0.750913443,2.490096099,0.682988128,0.45
87,2601,sd1.5_normal_219.jpg,"a brand logo of henry cavill as a catholic nun, HDR lighting, baroque style",HDR lighting,,baroque style,3.440761714,0.40002291,2.856177525,0.966937869,0.85
88,1204,midjourney_normal_018.jpg,man hating his printer,,,,3.887128521,0.29436002,3.762894082,0.754260516,0.95
89,1361,midjourney_normal_177.jpg,"a huge wooden carving sculpture of a fox, hyper detail",hyper detail,,,3.701722739,0.365064393,3.836048921,0.383865762,0.98
90,2484,sd1.5_normal_102.jpg,"a grand stag in a fantasy forest, realistic style",,,realistic style,3.490003257,0.797304639,3.374870467,0.58025695,0.95
91,1475,midjourney_normal_293.jpg,"futuristic robot alien invasion award winning pixar movie poster , close-up, HDR lighting, abstract style",close-up,HDR lighting,abstract style,3.347801074,0.504889847,3.056705093,0.728562281,0.2
92,2972,xl2.2_normal_290.jpg,"a portrait of girl chronomancer glass jewelry padlocks fantasy, long-shot, blurred detail, anime style",long-shot,blurred detail,anime style,3.360750593,0.9856238,3.224813969,0.43067797,0.75
93,1729,sd1.5_highcorr_247.jpg,"a saint noble high priestess pray for god in church, elevation view, HDR lighting",elevation view,HDR lighting,,2.610261314,0.302305892,2.971918712,0.493376819,0.85
94,2615,sd1.5_normal_233.jpg,"a penguin slipping on a banana in the antarctic , warm color, HDR lighting",warm color,HDR lighting,,3.320012924,0.803239303,1.788774497,0.689856201,0.2
95,1090,midjourney_lowstep_202.jpg,"a biomechanical blue raspberry made of metal, top view, realistic style",top view,,realistic style,2.616815188,0.302958524,2.965504258,0.715560625,0.75
96,680,glide_normal_090.jpg,"little girl with a mushroom hat, anime style",,,anime style,1.296708731,0.382408553,1.143113339,0.838034727,0.45
97,203,AttnGAN_normal_203.jpg,"a beautiful brutalist concrete forest temple, elevation view, abstract style",elevation view,,abstract style,1.168900836,0.799221234,0.810884549,0.697284312,0.15
98,495,DALLE2_normal_203.jpg,"a beautiful brutalist concrete forest temple, elevation view, abstract style",elevation view,,abstract style,1.868518107,0.812630472,1.597142136,0.538599655,0.75
99,1124,midjourney_lowstep_237.jpg,"portrait of terrified green ball gown young woman, top view, long-shot",top view,long-shot,,3.324474137,0.611943012,3.351474113,0.64671228,0.65
100,414,DALLE2_normal_120.jpg,"die cut sticker of a pair of lips , warm color",warm color,,,2.261262436,1.068172636,3.348349994,0.649337936,0.95
101,194,AttnGAN_normal_194.jpg,"a cyborg jellyfish swimming in a vast ocean, close-up, baroque style",close-up,,baroque style,0.775293051,0.342112504,0.86788507,0.328406516,0.15
102,718,glide_normal_128.jpg,"portrait of a tang dynasty empress , soft lighting",soft lighting,,,1.492221516,0.453091139,0.571482359,0.427726929,0.05
103,1665,sd1.5_highcorr_183.jpg,"radioactive alien mushrooms in the forest , elevation view, abstract style",elevation view,,abstract style,2.746509754,0.767713103,2.330906752,0.739087182,0.45
104,1628,sd1.5_highcorr_146.jpg,"cute fluffy lion cheetah hybrid mixed, blurred detail",blurred detail,,,2.717645898,0.602335551,3.202040316,0.693034816,0.85
105,1894,sd1.5_lowcorr_112.jpg,"gorgeous young scandanavian woman, realistic style",,,realistic style,3.714251203,0.556010456,3.5526433,0.920783175,0.65
106,2515,sd1.5_normal_133.jpg,"a blue abyss underwater concept art, elevation view",elevation view,,,3.045671512,0.950457984,3.226425262,0.85415302,0.85
107,51,AttnGAN_normal_051.jpg,hanging gardens of babylon,,,,1.062470367,0.623660348,0.981735619,0.76164381,0.05
108,1001,midjourney_lowstep_113.jpg,"epic colourful scene from a dream, abstract style",,,abstract style,0.977683949,0.756180393,2.568031711,1.127569438,0.65
109,2673,sd1.5_normal_291.jpg,"oil painting portrait of anthropomorphic female green fox animal, long-shot, hyper detail, sci-fi style",long-shot,hyper detail,sci-fi style,2.957803829,0.462964858,3.011371163,0.767728922,0.95
110,368,DALLE2_normal_073.jpg,"otter making a disgusted face, abstract style",,,abstract style,2.899057018,0.614928119,3.124625168,0.770011767,0.95
111,2940,xl2.2_normal_258.jpg,"black broken armor and helmet laying in wild flowers, hyper detail, soft lighting",hyper detail,soft lighting,,3.432145599,0.460190096,3.444308638,0.413873754,0.85
112,1611,sd1.5_highcorr_129.jpg,"portrait of a beautiful young woman, HDR lighting",HDR lighting,,,0.76123563,0.2612992,2.110496437,1.178379625,0.2
113,2828,xl2.2_normal_146.jpg,"cute fluffy lion cheetah hybrid mixed, blurred detail",blurred detail,,,3.474317862,0.605192015,3.455708742,0.705387401,0.85
114,564,DALLE2_normal_274.jpg,"angled photograph of an abandoned train cart during dusk, cold color, soft lighting, baroque style",cold color,soft lighting,baroque style,3.419625599,0.694951665,2.951467196,1.073482605,0.85
115,1419,midjourney_normal_236.jpg,"short - haired short butch tomboy blonde engineer, top view, close-up",top view,close-up,,4.044010336,0.248717122,3.445889779,0.602957653,0.55
116,1502,sd1.5_highcorr_020.jpg,a overgrown old house,,,,3.630412823,0.282465315,3.787279028,0.508739763,0.95
117,2402,sd1.5_normal_020.jpg,a overgrown old house,,,,3.094767498,0.803607204,3.729311245,0.572014222,0.95
118,1660,sd1.5_highcorr_178.jpg,"a car crawling with human hands and feet, soft lighting",soft lighting,,,2.788955814,0.773983212,2.251027408,1.087482857,0.75
119,1770,sd1.5_highcorr_288.jpg,"a beautiful painting of old golden samovars of russian empire, close-up, blurred detail, abstract style",close-up,blurred detail,abstract style,1.750409116,0.348306235,2.474162417,1.02075112,0.85
120,2291,sd1.5_lowstep_209.jpg,"an uprising of disneyland costumed characters, HDR lighting, baroque style",HDR lighting,,baroque style,2.689121932,0.43869553,2.945998379,0.319807616,0.95
121,463,DALLE2_normal_171.jpg,"grumpy disney princess sitting in a cave, cold color",cold color,,,1.956116406,0.428474341,2.771702485,1.037614916,0.75
122,1477,midjourney_normal_295.jpg,"depressed people standing around an hourglass with little sand left, long-shot, HDR lighting, anime style",long-shot,HDR lighting,anime style,3.440761714,0.681985631,2.665169971,0.628040226,0.45
123,1783,sd1.5_lowcorr_001.jpg,a tray of sushi,,,,3.407636041,0.599272665,3.772760957,0.536885198,0.98
124,2655,sd1.5_normal_273.jpg,"exploring an epic organic and colourful underground city, warm color, HDR lighting, abstract style",warm color,HDR lighting,abstract style,3.202553327,0.811436076,3.37273494,0.612155107,0.65
125,2420,sd1.5_normal_038.jpg,christmas at kelly family,,,,2.523592728,0.729275144,3.696383698,0.499744673,0.95
126,1717,sd1.5_highcorr_235.jpg,"steampunk squid inside a glass jar buried in sand, cold color, HDR lighting",cold color,HDR lighting,,1.747769213,0.742405823,2.106757591,0.897545617,0.75
127,1765,sd1.5_highcorr_283.jpg,"steampunk pocketwatch owl inside a glass jar buried in sand, elevation view, hyper detail, abstract style",elevation view,hyper detail,abstract style,3.541752783,0.388083258,2.557115434,1.011975105,0.45
128,605,glide_normal_015.jpg,santa claus on drugs,,,,0.563430702,0.546433261,0.60877307,0.535029947,0.2
129,2032,sd1.5_lowcorr_250.jpg,"a dramatic photo of a mountain made of layered cake, long-shot, blurred detail",long-shot,blurred detail,,3.632335048,0.447816816,2.16726552,1.181159646,0.25
130,2602,sd1.5_normal_220.jpg,"sparkling heart blue mana tree inside a marble, warm color, top view",warm color,top view,,2.363781612,1.086270767,2.395499044,0.771380807,0.95
131,2829,xl2.2_normal_147.jpg,"bill gates and jason statham fight m , hyper detail",hyper detail,,,4.205990313,0.865700504,2.087613583,0.924420663,0.25
132,321,DALLE2_normal_022.jpg,panda chef in a kitchen,,,,2.568394371,0.508204609,4.118503049,0.567993321,0.95
133,670,glide_normal_080.jpg,"painted portrait of goblin man, anime style",,,anime style,1.012573225,0.62023562,1.745318022,1.014279127,0.45
134,67,AttnGAN_normal_067.jpg,"a woman in newspaper clothes, realistic style",,,realistic style,1.042384048,0.356275928,0.457481316,0.655446631,0.15
135,1963,sd1.5_lowcorr_181.jpg,"an underwater photo of coral in the ocean, cold color, sci-fi style",cold color,,sci-fi style,3.094767498,0.729081056,3.045304988,0.857184731,0.75
136,1336,midjourney_normal_152.jpg,"grumpy the elder gods sitting in a bar, top view",top view,,,3.357738899,0.805816426,3.430465396,0.72053618,0.95
137,196,AttnGAN_normal_196.jpg,"the essence of the chemical element hydrogen, blurred detail, sci-fi style",blurred detail,,sci-fi style,0.8493261,0.49328618,0.629428475,0.446159964,0.15
138,1805,sd1.5_lowcorr_023.jpg,king kong on fighting,,,,2.339014038,0.411558082,2.629356055,0.485742541,0.3
139,2222,sd1.5_lowstep_140.jpg,"cute great old ones sitting in a bar, warm color",warm color,,,3.507430325,0.526371039,1.679491953,0.718834646,0.85
140,408,DALLE2_normal_114.jpg,"donut glazed with white chocolate, baroque style",,,baroque style,2.837204233,0.711862584,2.790068621,0.80525371,0.85
141,857,glide_normal_267.jpg,"beautiful viking woman surrounded by treasure and gold, cold color, long-shot, realistic style",cold color,long-shot,realistic style,1.269146708,0.425814488,0.654641315,0.396338658,0.2
142,2947,xl2.2_normal_265.jpg,"a blue anatomically correct human brain made of metal, warm color, long-shot, anime style",warm color,long-shot,anime style,2.917313663,0.68501669,2.616801603,0.61912287,0.95
143,2726,xl2.2_normal_044.jpg,male warrior silver armor,,,,3.479361124,0.484904087,3.857782273,0.667536859,0.95
144,2240,sd1.5_lowstep_158.jpg,"photograph of a stone cairn in scotland, soft lighting",soft lighting,,,3.727389608,0.646926037,3.73689006,0.576633026,0.95
145,2638,sd1.5_normal_256.jpg,"full length portrait of a beautiful woman with horns, blurred detail, soft lighting",blurred detail,soft lighting,,1.825871285,0.406784071,2.736797804,1.150747542,0.65
146,990,midjourney_lowstep_102.jpg,"a grand stag in a fantasy forest, realistic style",,,realistic style,2.73141732,0.645471592,3.345634382,0.506887645,0.95
147,1206,midjourney_normal_020.jpg,a overgrown old house,,,,3.952270172,0.620296158,3.854712392,0.53374121,0.95
148,1713,sd1.5_highcorr_231.jpg,"a dramatic photo of a lion made of cotton candy, cold color, hyper detail",cold color,hyper detail,,3.380391978,0.552474867,2.844239553,0.861828786,0.2
149,124,AttnGAN_normal_124.jpg,"action shot of woman pole vaulting, close-up",close-up,,,1.23918794,0.312406208,0.46888142,0.61366378,0.1
150,1302,midjourney_normal_118.jpg,"foxes judging a cheese competition, abstract style",,,abstract style,3.601888857,0.34027011,3.482467199,0.588218906,0.95
151,2510,sd1.5_normal_128.jpg,"portrait of a tang dynasty empress , soft lighting",soft lighting,,,2.520123245,0.218183046,3.405324243,0.567944595,0.85
152,2849,xl2.2_normal_167.jpg,"two women working in a recording studio, hyper detail",hyper detail,,,3.578018157,0.48788932,3.647833348,0.385462045,0.95
153,1091,midjourney_lowstep_203.jpg,"a beautiful brutalist concrete forest temple, elevation view, abstract style",elevation view,,abstract style,2.493724965,0.38173282,2.144474319,0.776349955,0.75
154,1316,midjourney_normal_132.jpg,"a girl with rainbow in white shirt , top view",top view,,,3.896040489,0.581125791,3.900312809,0.505798439,0.95
155,544,DALLE2_normal_253.jpg,"a biomechanical cyborg torso abandoned in a factory, close-up, HDR lighting",close-up,HDR lighting,,0.0,0.324752734,0.253699602,0.465981252,0.05
156,1657,sd1.5_highcorr_175.jpg,"a portrait of the mri brain damage demon, long-shot",long-shot,,,2.588700346,0.501583506,2.452499565,0.526631859,0.45
157,932,midjourney_lowstep_042.jpg,a man jumping off a cliff,,,,2.64254653,0.428792262,1.890135375,1.319796989,0.95
158,911,midjourney_lowstep_021.jpg,portrait of mecha robot,,,,1.844192258,0.743062154,2.903856842,0.766218644,0.75
159,2584,sd1.5_normal_202.jpg,"a biomechanical blue raspberry made of metal, top view, realistic style",top view,,realistic style,2.334263842,0.799157327,2.189718246,0.976568854,0.85
160,2776,xl2.2_normal_094.jpg,"painted portrait of fierce elder, baroque style",,,baroque style,3.923719599,0.455369383,3.345634382,0.635444368,0.95
161,2453,sd1.5_normal_071.jpg,"smart sri lanka buddhist monk, sci-fi style",,,sci-fi style,3.386504205,0.489863113,2.841551967,0.57283613,0.35
162,1778,sd1.5_highcorr_296.jpg,"bloodborne werewolf howling in yharnam with full moon in background, blurred detail, soft lighting, sci-fi style",blurred detail,soft lighting,sci-fi style,3.061212451,0.892236846,3.013543571,0.468737195,0.75
163,2686,xl2.2_normal_004.jpg,red and blue armor,,,,2.85831935,0.923787049,3.358399036,1.172877285,0.95
164,2925,xl2.2_normal_243.jpg,"mushrooms and moss on a tree in a fairytale forest, elevation view, hyper detail",elevation view,hyper detail,,3.853868226,0.430409638,3.090905405,0.781611806,0.95
165,2749,xl2.2_normal_067.jpg,"a woman in newspaper clothes, realistic style",,,realistic style,3.613766055,0.424919691,3.572230948,0.340805983,0.95
166,744,glide_normal_154.jpg,"cute fluffy baby poodle giraffe hybrid, close-up",close-up,,,1.827559877,0.772820102,2.653717779,0.687814816,0.1
167,2045,sd1.5_lowcorr_263.jpg,"cute animal character sleeping in the space station, cold color, elevation view, abstract style",cold color,elevation view,abstract style,2.643063777,0.458128347,2.343118719,0.829923704,0.85
168,521,DALLE2_normal_229.jpg,"a heavily bloodied horrified pretty young woman, warm color, hyper detail",warm color,hyper detail,,2.476222723,0.421855239,1.94279623,0.648363447,0.65
169,1053,midjourney_lowstep_165.jpg,"a female hand holding a red fresh apple, long-shot",long-shot,,,2.65595515,0.349880048,2.653231999,0.70165969,0.95
170,1105,midjourney_lowstep_217.jpg,"a portrait photo of a beautiful female android, hyper detail, realistic style",hyper detail,,realistic style,2.851759102,1.022124178,3.268206767,0.42607834,0.85
171,2543,sd1.5_normal_161.jpg,"cute fluffy baby lop eared bunny rabbit, cold color",cold color,,,3.136939761,0.420529841,3.239106761,0.636753764,0.95
172,2727,xl2.2_normal_045.jpg,superman punches the pope,,,,2.954193289,0.421191192,2.577900713,1.163017846,0.65
173,642,glide_normal_052.jpg,concept art of giant ogres,,,,1.177351713,0.539715068,1.446324178,0.886446827,0.2
174,251,AttnGAN_normal_251.jpg,"a brain with eyeballs peaking out between the folds, long-shot, hyper detail",long-shot,hyper detail,,1.252358797,0.4640501,0.719280515,0.977929443,0.3
175,80,AttnGAN_normal_080.jpg,"painted portrait of goblin man, anime style",,,anime style,0.812984657,0.735026903,0.481457492,0.339049937,0.05
176,32,AttnGAN_normal_032.jpg,an emo portrait painting,,,,1.057775532,0.612666679,0.803090148,0.525455468,0.45
177,1607,sd1.5_highcorr_125.jpg,"a upright walking cute giraffe toy, long-shot",long-shot,,,3.135881857,0.580749825,2.939051921,0.735574925,0.95
178,1623,sd1.5_highcorr_141.jpg,"a portrait of girl bard in red dress, cold color",cold color,,,3.157062251,0.408411168,2.846322945,0.909865663,0.85
179,2697,xl2.2_normal_015.jpg,santa claus on drugs,,,,3.240419025,0.544233908,2.603839495,0.614847811,0.2
180,1808,sd1.5_lowcorr_026.jpg,a painting of a eclipse,,,,1.6723615,0.680370606,2.082397944,0.951435102,0.75
181,2872,xl2.2_normal_190.jpg,"delicious peanut butter donut with glazing , warm color, anime style",warm color,,anime style,3.645251835,0.627092043,3.197097634,0.78340086,0.95
182,809,glide_normal_219.jpg,"a brand logo of henry cavill as a catholic nun, HDR lighting, baroque style",HDR lighting,,baroque style,1.22513052,0.808635242,1.791293517,0.906282788,0.05
183,1862,sd1.5_lowcorr_080.jpg,"painted portrait of goblin man, anime style",,,anime style,2.808870337,0.623779528,3.61477839,0.605983668,0.95
184,1288,midjourney_normal_104.jpg,"a biomechanical cybertronic frog, baroque style",,,baroque style,3.662501677,0.731596219,3.635603955,0.635935866,0.95
185,2394,sd1.5_normal_012.jpg,life bar and mana bar,,,,2.989757839,0.429197186,2.142312157,1.000489566,0.2
186,979,midjourney_lowstep_091.jpg,"ufo ignoring the laws of phyics, sci-fi style",,,sci-fi style,2.326531297,0.870211283,2.719543848,0.79240443,0.95
187,88,AttnGAN_normal_088.jpg,"a space shuttle flying in space, abstract style",,,abstract style,1.22513052,0.413156708,1.02748653,0.685047874,0.15
188,1413,midjourney_normal_230.jpg,"a fantast beauty detailed elf with mermaid tail, cold color, blurred detail",cold color,blurred detail,,3.442225929,0.777047496,3.024436368,0.777508813,0.75
189,1797,sd1.5_lowcorr_015.jpg,santa claus on drugs,,,,2.251322245,0.421310603,2.70330186,0.372103707,0.75
190,1351,midjourney_normal_167.jpg,"two women working in a recording studio, hyper detail",hyper detail,,,3.550859712,0.525908235,3.658965437,0.606641784,0.95
191,2844,xl2.2_normal_162.jpg,"an industrial geometric temple lab room, top view",top view,,,3.673501579,0.360906935,2.653500595,0.441236859,0.85
192,651,glide_normal_061.jpg,"a yellow rendition of venom, sci-fi style",,,sci-fi style,1.494912264,0.667057786,1.231874682,0.530558064,0.2
193,2093,sd1.5_lowstep_011.jpg,the prince of the sun,,,,1.977251303,0.616732069,2.11394401,0.853111778,0.65
194,2458,sd1.5_normal_076.jpg,"a biomechanical dahlia flower, sci-fi style",,,sci-fi style,3.048358432,0.656118256,2.700983887,0.749574085,0.2
195,599,glide_normal_009.jpg,girl from fight club,,,,0.754308478,0.323115349,0.277575547,0.515737277,0.1
196,2595,sd1.5_normal_213.jpg,"a biomechanical hibiscus flower made of metal, elevation view, abstract style",elevation view,,abstract style,3.062007692,0.688503851,3.080096813,0.958341747,0.95
197,1237,midjourney_normal_052.jpg,concept art of giant ogres,,,,3.524162768,0.49081556,2.790068621,1.537157932,0.2
198,2233,sd1.5_lowstep_151.jpg,"photo of a white fashion jewelry store, cold color",cold color,,,3.369254363,0.404220506,3.386721989,0.501477969,0.95
199,511,DALLE2_normal_219.jpg,"a brand logo of henry cavill as a catholic nun, HDR lighting, baroque style",HDR lighting,,baroque style,2.299764158,0.594139599,2.983770234,0.527249999,0.65
200,141,AttnGAN_normal_141.jpg,"a portrait of girl bard in red dress, cold color",cold color,,,0.749492217,0.418028146,0.775738154,1.200086593,0.2
201,2619,sd1.5_normal_237.jpg,"portrait of terrified green ball gown young woman, top view, long-shot",top view,long-shot,,2.213514948,0.434251294,2.74673979,0.590534876,0.85
202,2550,sd1.5_normal_168.jpg,"the celestial realm of the elven deities, soft lighting",soft lighting,,,3.154005469,0.454130504,3.584393825,0.467886839,0.85
203,1345,midjourney_normal_161.jpg,"cute fluffy baby lop eared bunny rabbit, cold color",cold color,,,3.516223883,0.665541805,3.715711518,0.527201215,0.95
204,1820,sd1.5_lowcorr_038.jpg,christmas at kelly family,,,,3.727351438,0.303214847,3.695110932,0.677353447,0.95
205,443,DALLE2_normal_150.jpg,"portrait of ciri as a samurai assassin, warm color",warm color,,,2.846003747,0.759986896,3.092308057,0.718711248,0.85
206,1272,midjourney_normal_088.jpg,"a space shuttle flying in space, abstract style",,,abstract style,3.643633817,0.66297103,3.212187972,0.681037795,0.95
207,175,AttnGAN_normal_175.jpg,"a portrait of the mri brain damage demon, long-shot",long-shot,,,1.328882233,0.607510435,0.79120934,0.943438779,0.15
208,1236,midjourney_normal_051.jpg,hanging gardens of babylon,,,,3.878442297,0.288003288,3.847029211,0.318315498,0.85
209,296,AttnGAN_normal_296.jpg,"bloodborne werewolf howling in yharnam with full moon in background, blurred detail, soft lighting, sci-fi style",blurred detail,soft lighting,sci-fi style,0.902911271,0.483214786,0.976132005,1.016941531,0.25
210,1939,sd1.5_lowcorr_157.jpg,"spaceship flying over a strange planet, hyper detail",hyper detail,,,3.424268421,1.244113196,3.27248283,0.956352744,0.85
211,610,glide_normal_020.jpg,a overgrown old house,,,,0.764528218,0.664572892,1.763063447,0.629736819,0.2
212,1947,sd1.5_lowcorr_165.jpg,"a female hand holding a red fresh apple, long-shot",long-shot,,,2.166977719,0.905516817,2.087696228,0.77152498,0.65
213,705,glide_normal_115.jpg,"ocean of canvas that catches fire, anime style",,,anime style,0.720968251,0.342467312,0.653813422,0.964934574,0.1
214,2599,sd1.5_normal_217.jpg,"a portrait photo of a beautiful female android, hyper detail, realistic style",hyper detail,,realistic style,3.682240656,0.54019769,3.763463406,0.736879517,0.85
215,533,DALLE2_normal_242.jpg,"a living room with a black and white chevron floor, elevation view, blurred detail",elevation view,blurred detail,,0.820802133,0.380746294,1.470709125,0.889649052,0.85
216,1295,midjourney_normal_111.jpg,"grand canyon full of potato salad, sci-fi style",,,sci-fi style,2.92075847,0.823313652,2.106757591,1.043626471,0.05
217,958,midjourney_lowstep_069.jpg,"synthwave astronaut tabby cat, baroque style",,,baroque style,3.093635734,0.652367095,3.417262215,0.786285678,0.85
218,177,AttnGAN_normal_177.jpg,"a huge wooden carving sculpture of a fox, hyper detail",hyper detail,,,0.86802727,0.631159093,0.566059704,0.669367555,0.15
219,874,glide_normal_284.jpg,"portrait of beautiful female supermodel wearing olive dress, top view, soft lighting, baroque style",top view,soft lighting,baroque style,1.674967988,0.30844882,1.073086947,0.881208523,0.15
220,1480,midjourney_normal_298.jpg,"photoreal portrait very intricate darkwar hunter wearing a black hoody, hyper detail, soft lighting, abstract style",hyper detail,soft lighting,abstract style,3.730246705,0.357019202,3.543429565,0.400029237,0.95
221,184,AttnGAN_normal_184.jpg,"professional studio logo for robot artists, close-up, baroque style",close-up,,baroque style,0.712802152,0.324312882,1.321226762,1.325963262,0.2
222,478,DALLE2_normal_186.jpg,"a portrait of girl alchemist in blue dress, blurred detail, sci-fi style",blurred detail,,sci-fi style,3.59159738,0.272763133,3.480852014,0.204530488,0.75
223,952,midjourney_lowstep_063.jpg,"overwatch small hut building, abstract style",,,abstract style,2.610261314,0.70406541,2.960067189,0.584609742,0.75
224,1334,midjourney_normal_150.jpg,"portrait of ciri as a samurai assassin, warm color",warm color,,,4.029366636,0.447867237,3.978346905,0.237850608,0.75
225,420,DALLE2_normal_126.jpg,"the shogoth wearing a santa costume, blurred detail",blurred detail,,,2.409693201,0.783374119,2.166604866,1.021288391,0.45
226,410,DALLE2_normal_116.jpg,"portrait of beautiful armored girl, sci-fi style",,,sci-fi style,3.131243411,0.424621109,1.824290847,1.04348603,0.75
227,1323,midjourney_normal_139.jpg,"digital painting of a lake at sunset, HDR lighting",HDR lighting,,,3.808864944,0.573783568,3.781418415,0.441179738,0.95
228,44,AttnGAN_normal_044.jpg,male warrior silver armor,,,,1.106599613,0.524232798,0.553112625,0.466850533,0.15
229,1991,sd1.5_lowcorr_209.jpg,"an uprising of disneyland costumed characters, HDR lighting, baroque style",HDR lighting,,baroque style,3.017147546,0.386923151,2.592416657,0.978644041,0.75
230,889,glide_normal_299.jpg,"beautiful fluffy baby giraffe cheetah hybrid mixed creature character concept, hyper detail, HDR lighting, baroque style",hyper detail,HDR lighting,baroque style,1.101434458,0.596883812,2.31896878,0.627912954,0.65
231,1920,sd1.5_lowcorr_138.jpg,"render of dreamy beautiful landscape, soft lighting",soft lighting,,,3.757702826,0.623705811,3.906719072,0.535626699,0.95
232,2970,xl2.2_normal_288.jpg,"a beautiful painting of old golden samovars of russian empire, close-up, blurred detail, abstract style",close-up,blurred detail,abstract style,2.746169865,0.574004782,3.116693004,0.400244343,0.75
233,432,DALLE2_normal_138.jpg,"render of dreamy beautiful landscape, soft lighting",soft lighting,,,2.39306082,0.931456905,3.140830692,0.545854668,0.75
234,1600,sd1.5_highcorr_118.jpg,"foxes judging a cheese competition, abstract style",,,abstract style,2.111462098,0.859741196,2.679341611,0.903825088,0.95
235,1451,midjourney_normal_269.jpg,"poignant portrait of an older man remembering his youth, warm color, hyper detail, baroque style",warm color,hyper detail,baroque style,4.145497254,0.704938876,1.573439091,0.88823139,0.1
236,741,glide_normal_151.jpg,"photo of a white fashion jewelry store, cold color",cold color,,,1.787427355,0.492877787,2.06489602,0.880226787,0.45
237,393,DALLE2_normal_099.jpg,"brain floating out of a portrait, baroque style",,,baroque style,2.657997659,0.386321661,3.274264347,0.729044868,0.65
238,2628,sd1.5_normal_246.jpg,"alphonse eric from full metal alchemist brotherhood, elevation view, soft lighting",elevation view,soft lighting,,2.646335983,0.882855901,2.616801603,0.898544371,0.95
239,1525,sd1.5_highcorr_043.jpg,a frog wearing police cap,,,,3.455805152,0.596598709,3.703493793,0.415965946,0.75
240,565,DALLE2_normal_275.jpg,"a vibrant emotional key shot of cute australian shepherd, cold color, HDR lighting, anime style",cold color,HDR lighting,anime style,2.233675103,0.82798687,2.211793876,0.876790781,0.95
241,2822,xl2.2_normal_140.jpg,"cute great old ones sitting in a bar, warm color",warm color,,,3.197799919,0.364794616,1.432547651,0.810657653,0.75
242,246,AttnGAN_normal_246.jpg,"alphonse eric from full metal alchemist brotherhood, elevation view, soft lighting",elevation view,soft lighting,,0.463704663,0.883901444,0.27081407,0.744504133,0.05
243,1461,midjourney_normal_279.jpg,"table with everything ready for 5 o'clock at flower garden, elevation view, long-shot, baroque style",elevation view,long-shot,baroque style,3.636963354,0.566993432,2.247340947,1.014008811,0.75
244,162,AttnGAN_normal_162.jpg,"an industrial geometric temple lab room, top view",top view,,,0.747278376,0.737136097,0.767535581,0.443774969,0.2
245,2292,sd1.5_lowstep_210.jpg,"an astronaut meeting an alien lizard humanoid, warm color, anime style",warm color,,anime style,2.315150439,0.740447019,2.946511745,0.679642789,0.45
246,790,glide_normal_200.jpg,"alien planet landscape made out of mushrooms, warm color, anime style",warm color,,anime style,0.916490494,0.87186505,0.60877307,0.569625321,0.2
247,2817,xl2.2_normal_135.jpg,"a set of different trees and bushes, long-shot",long-shot,,,2.538526609,0.565054779,3.001128296,0.676496646,0.85
248,637,glide_normal_047.jpg,stalin tapdancing on stage,,,,1.49383774,0.267439768,0.265637574,0.468348897,0.05
249,1344,midjourney_normal_160.jpg,"cute soul ghost in infinity mirror room, warm color",warm color,,,3.14151795,1.038160048,3.167161119,0.865856698,0.75
250,402,DALLE2_normal_108.jpg,"portrait of a dancing eagle woman, abstract style",,,abstract style,1.619473192,0.837949082,1.87306074,1.423172588,0.2
251,256,AttnGAN_normal_256.jpg,"full length portrait of a beautiful woman with horns, blurred detail, soft lighting",blurred detail,soft lighting,,0.792278167,0.533205615,0.690390841,0.314609835,0.2
252,1889,sd1.5_lowcorr_107.jpg,"spritesheet game asset vector art, realistic style",,,realistic style,2.377839033,0.987196057,2.885703528,0.627325418,0.2
253,598,glide_normal_008.jpg,joe biden very happy,,,,1.599484777,0.377380508,1.519124647,1.464568543,0.05
254,937,midjourney_lowstep_048.jpg,scottish highlands at dawn,,,,1.713269529,0.623011002,2.486006301,1.05307304,0.65
255,1253,midjourney_normal_068.jpg,"yog sothoth chef in a kitchen, abstract style",,,abstract style,3.530578941,0.628949085,2.324182247,1.279266346,0.65
256,1330,midjourney_normal_146.jpg,"cute fluffy lion cheetah hybrid mixed, blurred detail",blurred detail,,,3.632335048,0.762296174,3.469719925,0.727123386,0.75
257,2183,sd1.5_lowstep_101.jpg,"a man playing an invisible cello, sci-fi style",,,sci-fi style,2.588700346,0.635772991,2.076296124,0.791971763,0.05
258,30,AttnGAN_normal_030.jpg,brand logo fruit company,,,,1.014269206,0.559228261,0.605682672,0.678309106,0.15
259,2934,xl2.2_normal_252.jpg,"a bokeh photo of a zombie gardener admiring flowers, close-up, soft lighting",close-up,soft lighting,,2.785504238,0.732482928,3.42150843,0.619728709,0.85
260,543,DALLE2_normal_252.jpg,"a bokeh photo of a zombie gardener admiring flowers, close-up, soft lighting",close-up,soft lighting,,2.462183558,0.643627595,2.452499565,0.523719054,0.35
261,1034,midjourney_lowstep_146.jpg,"cute fluffy lion cheetah hybrid mixed, blurred detail",blurred detail,,,2.426325581,0.498139467,3.720100101,0.446562769,0.65
262,1809,sd1.5_lowcorr_027.jpg,the large cresting waves,,,,2.161765422,0.485685397,3.576346344,0.556044309,0.95
263,2428,sd1.5_normal_046.jpg,the drowned and the saved,,,,2.218274567,0.541928969,1.996643532,0.823988603,0.75
264,2614,sd1.5_normal_232.jpg,"steampunk owl inside a glass jar buried in sand, warm color, soft lighting",warm color,soft lighting,,3.539096649,0.447624656,3.721214248,0.314314294,0.95
265,479,DALLE2_normal_187.jpg,"softboy aesthetic in ancient greek clothing, hyper detail, realistic style",hyper detail,,realistic style,2.657997659,0.814296348,1.672693868,0.722191936,0.45
266,1833,sd1.5_lowcorr_051.jpg,hanging gardens of babylon,,,,3.630412823,0.479711494,3.055730638,0.810248273,0.75
267,1187,midjourney_normal_001.jpg,a tray of sushi,,,,3.537280489,0.696301426,3.83707886,0.738674494,0.95
268,460,DALLE2_normal_168.jpg,"the celestial realm of the elven deities, soft lighting",soft lighting,,,2.016407538,0.398392695,2.311982676,0.782362407,0.45
269,1055,midjourney_lowstep_167.jpg,"two women working in a recording studio, hyper detail",hyper detail,,,2.463857203,0.375794952,2.926636646,0.396438768,0.65
270,2831,xl2.2_normal_149.jpg,"a plasticine model of a goblin raider, HDR lighting",HDR lighting,,,3.199282771,0.272306632,3.369510326,0.764212623,0.95
271,1089,midjourney_lowstep_201.jpg,"a gummy bear performing at woodstock concert, cold color, sci-fi style",cold color,,sci-fi style,2.460930201,0.490981876,2.897228486,0.640848076,0.35
272,73,AttnGAN_normal_073.jpg,"otter making a disgusted face, abstract style",,,abstract style,1.269550286,0.538479111,0.452923825,0.51185974,0.05
273,507,DALLE2_normal_215.jpg,"portrait with no signature of aggressive alien, long-shot, anime style",long-shot,,anime style,2.344386154,0.555478037,2.54176312,0.590565632,0.65
274,2111,sd1.5_lowstep_029.jpg,legendary river of slugs,,,,2.742340814,0.843031869,2.824865559,1.49280996,0.85
275,1159,midjourney_lowstep_273.jpg,"exploring an epic organic and colourful underground city, warm color, HDR lighting, abstract style",warm color,HDR lighting,abstract style,0.663293231,0.742893648,2.271926577,1.517237795,0.4
276,2738,xl2.2_normal_056.jpg,survival in a winter forest,,,,3.373697126,0.448106458,2.921613433,0.960725472,0.95
277,1225,midjourney_normal_039.jpg,beautiful topaz girl dark,,,,4.058272319,0.255470312,3.494659672,0.570908616,0.85
278,2759,xl2.2_normal_077.jpg,"a anthropomorphic cat warrior, realistic style",,,realistic style,3.345173159,0.411776319,3.592199458,0.4937446,0.85
279,1817,sd1.5_lowcorr_035.jpg,illustration of a rowboat,,,,2.804002459,0.592637777,2.890851301,0.601634029,0.95
280,2174,sd1.5_lowstep_092.jpg,"steampunk walter white portrait , realistic style",,,realistic style,2.991826524,0.643467635,3.075004622,0.754976498,0.85
281,2855,xl2.2_normal_173.jpg,"ancient japanese fantasy garden at night, elevation view",elevation view,,,3.610752151,0.697232294,2.888958056,0.914331912,0.85
282,2221,sd1.5_lowstep_139.jpg,"digital painting of a lake at sunset, HDR lighting",HDR lighting,,,2.377839033,0.614357839,2.908503737,1.02303798,0.75
283,1606,sd1.5_highcorr_124.jpg,"action shot of woman pole vaulting, close-up",close-up,,,3.017147546,0.78086905,3.067923111,0.890967997,0.95
284,2426,sd1.5_normal_044.jpg,male warrior silver armor,,,,2.899057018,0.58837098,3.146889346,0.672234921,0.95
285,2130,sd1.5_lowstep_048.jpg,scottish highlands at dawn,,,,3.316649193,0.842205713,3.336157521,0.638051125,0.85
286,2692,xl2.2_normal_010.jpg,face shot of a woman,,,,3.931077949,0.428812245,3.814814682,0.349437528,0.95
287,2878,xl2.2_normal_196.jpg,"the essence of the chemical element hydrogen, blurred detail, sci-fi style",blurred detail,,sci-fi style,2.161428554,1.155949695,2.299797301,1.417870804,0.45
288,2585,sd1.5_normal_203.jpg,"a beautiful brutalist concrete forest temple, elevation view, abstract style",elevation view,,abstract style,1.777662735,0.854961235,1.903300589,0.553548415,0.45
289,1068,midjourney_lowstep_180.jpg,"muscular cyborg girl with prosthetic arms, warm color, anime style",warm color,,anime style,1.851268265,0.656642841,3.137840023,1.153962228,0.65
290,2529,sd1.5_normal_147.jpg,"bill gates and jason statham fight m , hyper detail",hyper detail,,,3.131243411,0.627204933,1.787713427,0.752952995,0.1
291,1235,midjourney_normal_050.jpg,logo design of a full moon,,,,3.058356047,1.006463942,2.548396068,1.17504019,0.65
292,1407,midjourney_normal_223.jpg,"small group of nomads staying at ancient ruins, cold color, elevation view",cold color,elevation view,,3.25960126,0.457573012,3.031345691,0.665080209,0.75
293,298,AttnGAN_normal_298.jpg,"photoreal portrait very intricate darkwar hunter wearing a black hoody, hyper detail, soft lighting, abstract style",hyper detail,soft lighting,abstract style,0.929411321,0.719773315,0.942239977,0.591814476,0.05
294,1608,sd1.5_highcorr_126.jpg,"the shogoth wearing a santa costume, blurred detail",blurred detail,,,2.660597966,0.512021961,2.482684398,0.737491204,0.55
295,239,AttnGAN_normal_239.jpg,"a small grassland nestled in the hollow of a tree, elevation view, long-shot",elevation view,long-shot,,0.937026638,0.999554152,0.874199281,1.011317107,0.2
296,535,DALLE2_normal_244.jpg,"man at a royal banquet wearing an asymmetrical gown, top view, soft lighting",top view,soft lighting,,2.058266369,0.550775795,2.85340349,0.792650926,0.75
297,693,glide_normal_103.jpg,"a giant rock floating in the air, abstract style",,,abstract style,0.45479692,0.254632895,1.721981963,0.869123171,0.95
298,1071,midjourney_lowstep_183.jpg,"radioactive alien mushrooms in the forest , elevation view, abstract style",elevation view,,abstract style,2.747600946,0.269887622,3.038374121,0.714368708,0.65
299,2037,sd1.5_lowcorr_255.jpg,"magician god holding a divine staff character design, long-shot, HDR lighting",long-shot,HDR lighting,,2.260833548,0.684464797,2.089340898,0.582340874,0.65
300,787,glide_normal_197.jpg,"storm troopers cosplaying the power rangers , hyper detail, realistic style",hyper detail,,realistic style,0.143533905,1.015388784,0.43569296,0.71121383,0.05
301,759,glide_normal_169.jpg,"profile face portrait of a tin toy robot, HDR lighting",HDR lighting,,,1.337589887,0.607780656,1.118687364,0.887390466,0.2
302,1196,midjourney_normal_010.jpg,face shot of a woman,,,,4.172725551,0.769329252,4.286204297,0.549834454,0.95
303,1494,sd1.5_highcorr_012.jpg,life bar and mana bar,,,,3.093256891,0.410565617,2.059351502,1.156654434,0.85
304,767,glide_normal_177.jpg,"a huge wooden carving sculpture of a fox, hyper detail",hyper detail,,,0.128895573,0.376052061,0.341602936,0.402970126,0.05
305,1766,sd1.5_highcorr_284.jpg,"portrait of beautiful female supermodel wearing olive dress, top view, soft lighting, baroque style",top view,soft lighting,baroque style,3.041723666,1.132024565,3.311978472,0.552273736,0.65
306,2134,sd1.5_lowstep_052.jpg,concept art of giant ogres,,,,2.867071995,0.446989912,3.808121173,0.43081433,0.95
307,457,DALLE2_normal_165.jpg,"a female hand holding a red fresh apple, long-shot",long-shot,,,2.837204233,0.691200208,2.864560271,0.642546252,0.85
308,471,DALLE2_normal_179.jpg,"underwater photography of the rough ocean, HDR lighting",HDR lighting,,,1.867036088,1.452292988,2.746134145,1.025820001,0.75
309,650,glide_normal_060.jpg,"artwork with only triangles, anime style",,,anime style,1.063255848,0.447317489,1.507286544,0.988836031,0.45
310,838,glide_normal_248.jpg,"a redhair beautiful girl wearing brown olive dress, close-up, blurred detail",close-up,blurred detail,,0.649658335,0.384263359,0.507503744,0.331505594,0.1
311,2186,sd1.5_lowstep_104.jpg,"a biomechanical cybertronic frog, baroque style",,,baroque style,3.524162768,0.494729729,3.410832372,0.642517547,0.95
312,567,DALLE2_normal_277.jpg,"plasticine sculptures of two lovers walking through paris, top view, long-shot, realistic style",top view,long-shot,realistic style,2.757389397,0.552756488,2.475299774,0.559521531,0.75
313,1554,sd1.5_highcorr_072.jpg,"painted portrait of snake man, realistic style",,,realistic style,1.954767317,0.897682803,2.687482179,0.587787579,0.95
314,2917,xl2.2_normal_235.jpg,"steampunk squid inside a glass jar buried in sand, cold color, HDR lighting",cold color,HDR lighting,,3.010422973,0.540865085,3.079505301,0.691781593,0.95
315,729,glide_normal_139.jpg,"digital painting of a lake at sunset, HDR lighting",HDR lighting,,,1.006207915,0.534287314,1.629211276,1.061454994,0.4
316,998,midjourney_lowstep_110.jpg,"painted portrait of intense woman, anime style",,,anime style,3.39100366,0.778064364,3.548952321,0.703001786,0.75
317,108,AttnGAN_normal_108.jpg,"portrait of a dancing eagle woman, abstract style",,,abstract style,0.678279008,0.790858843,0.696426448,0.597760319,0.2
318,867,glide_normal_277.jpg,"plasticine sculptures of two lovers walking through paris, top view, long-shot, realistic style",top view,long-shot,realistic style,1.385522531,0.47347537,1.075675159,0.579956351,0.05
319,439,DALLE2_normal_145.jpg,"kraken is using large sponge for bath, long-shot",long-shot,,,3.048358432,0.380960927,1.972767588,0.340659148,0.65
320,318,DALLE2_normal_019.jpg,big boss eating dinner,,,,2.729274555,0.421459155,3.489909055,0.744348527,0.85
321,1586,sd1.5_highcorr_104.jpg,"a biomechanical cybertronic frog, baroque style",,,baroque style,2.852156791,0.549321673,3.214316689,0.706774038,0.85
322,644,glide_normal_054.jpg,beautiful white fluffy cat,,,,2.196265106,0.391044488,2.877106534,0.802402597,0.95
323,1005,midjourney_lowstep_117.jpg,"portrait of a cloaked female devil, realistic style",,,realistic style,3.008458905,0.492722201,3.048674194,0.65610737,0.95
324,1190,midjourney_normal_004.jpg,red and blue armor,,,,3.763104867,0.185784972,3.634307323,0.746058009,0.95
325,1730,sd1.5_highcorr_248.jpg,"a redhair beautiful girl wearing brown olive dress, close-up, blurred detail",close-up,blurred detail,,1.690506192,0.514905259,2.345378943,0.683353005,0.85
326,1410,midjourney_normal_226.jpg,"an anatomically correct cybertronic human heart, cold color, close-up",cold color,close-up,,3.657064334,0.873636939,3.717911141,0.71145443,0.85
327,1846,sd1.5_lowcorr_064.jpg,"monsters playing board games, baroque style",,,baroque style,2.426325581,0.449314086,2.508900426,0.54554126,0.65
328,411,DALLE2_normal_117.jpg,"portrait of a cloaked female devil, realistic style",,,realistic style,2.176839871,0.785229781,2.443074357,0.785800386,0.95
329,2939,xl2.2_normal_257.jpg,"dragons flyring around a snowcapped fantasy mountain, blurred detail, HDR lighting",blurred detail,HDR lighting,,2.80733647,1.083840651,2.901806096,0.768019716,0.95
330,2664,sd1.5_normal_282.jpg,"strange mythical plankton near a waterfall trying to escape, elevation view, blurred detail, realistic style",elevation view,blurred detail,realistic style,2.176839871,1.408041032,1.797978878,0.629033035,0.45
331,2362,sd1.5_lowstep_280.jpg,"rats in tuxedos drinking champagne in bubbles in the space, top view, blurred detail, anime style",top view,blurred detail,anime style,2.377839033,0.723424649,1.836893934,0.786270207,0.45
332,1577,sd1.5_highcorr_095.jpg,"moon sea with stars and galaxies, anime style",,,anime style,3.124885569,0.378838377,3.114500264,0.940548081,0.75
333,691,glide_normal_101.jpg,"a man playing an invisible cello, sci-fi style",,,sci-fi style,0.0,0.201756042,0.190499441,0.154827399,0.05
334,1518,sd1.5_highcorr_036.jpg,gnome warfare at walmart,,,,2.701232452,0.388189715,1.996643532,0.848162574,0.45
335,2954,xl2.2_normal_272.jpg,"frontal portrait of female adult twins in the apocalypse, warm color, soft lighting, realistic style",warm color,soft lighting,realistic style,3.658936789,0.673200826,3.531237092,0.448913691,0.65
336,2488,sd1.5_normal_106.jpg,"vaporware yosemite amusement park, sci-fi style",,,sci-fi style,3.561501185,0.659340528,3.572455852,0.386026504,0.85
337,1742,sd1.5_highcorr_260.jpg,"mickey mouse head automaton held by a mechanical claw, warm color, top view, anime style",warm color,top view,anime style,3.174782711,1.241429219,2.811700345,0.816713283,0.95
338,70,AttnGAN_normal_070.jpg,"space reflected in fox's eye , anime style",,,anime style,0.663293231,0.846375252,0.415631423,0.452598402,0.05
339,1973,sd1.5_lowcorr_191.jpg,"cute fluffy golden teddy bear eating bagels, cold color, sci-fi style",cold color,,sci-fi style,2.389187797,0.546879103,2.603839495,0.670862586,0.45
340,1929,sd1.5_lowcorr_147.jpg,"bill gates and jason statham fight m , hyper detail",hyper detail,,,2.478791084,0.564328295,1.548541117,0.701366909,0.15
341,1195,midjourney_normal_009.jpg,girl from fight club,,,,3.792972629,0.465549183,3.323925447,0.621589414,0.65
342,56,AttnGAN_normal_056.jpg,survival in a winter forest,,,,1.391281461,0.563978653,0.922047832,0.470764946,0.1
343,1572,sd1.5_highcorr_090.jpg,"little girl with a mushroom hat, anime style",,,anime style,3.906607461,0.738197744,3.720100101,0.865273617,0.95
344,1677,sd1.5_highcorr_195.jpg,"unique epic pink space elf knight adventurer, long-shot, anime style",long-shot,,anime style,2.632073999,0.434701113,2.87284354,0.707551587,0.85
345,1431,midjourney_normal_249.jpg,"a female elven warrior wearing platinum breastplate, close-up, hyper detail",close-up,hyper detail,,4.303705695,0.232726161,4.048514165,0.108741359,0.85
346,2775,xl2.2_normal_093.jpg,"photo of tony danza eating chili, abstract style",,,abstract style,3.531316317,0.495127609,2.820363609,0.600809989,0.75
347,309,DALLE2_normal_010.jpg,face shot of a woman,,,,2.841733922,0.448757939,3.159306031,1.317152981,0.6
348,783,glide_normal_193.jpg,"a portrait of a female robot made from code, elevation view, abstract style",elevation view,,abstract style,0.970807385,0.584529286,1.02066036,0.826871359,0.3
349,862,glide_normal_272.jpg,"frontal portrait of female adult twins in the apocalypse, warm color, soft lighting, realistic style",warm color,soft lighting,realistic style,1.575270793,0.674070612,1.016417548,1.494094922,0.05
350,2950,xl2.2_normal_268.jpg,"spaceport on a vast desert planet with ships taking off, warm color, blurred detail, abstract style",warm color,blurred detail,abstract style,3.058356047,0.581916613,3.285648044,0.44801724,0.75
351,1088,midjourney_lowstep_200.jpg,"alien planet landscape made out of mushrooms, warm color, anime style",warm color,,anime style,2.152199766,0.69566059,2.979908012,0.53518453,0.95
352,1151,midjourney_lowstep_265.jpg,"a blue anatomically correct human brain made of metal, warm color, long-shot, anime style",warm color,long-shot,anime style,2.837064357,0.347782726,2.271216891,0.709796297,0.45
353,532,DALLE2_normal_241.jpg,"breaking moon as seen from the surface of the moon, top view, hyper detail",top view,hyper detail,,0.905232817,0.525554647,1.901139755,1.32623788,0.2
354,2525,sd1.5_normal_143.jpg,"portrait of squids swarming the ocean, elevation view",elevation view,,,2.309898917,1.086186803,1.890135375,0.861333496,0.85
355,2689,xl2.2_normal_007.jpg,a cat doing karaoke,,,,3.490797944,0.938736911,3.575282749,0.710863625,0.95
356,2494,sd1.5_normal_112.jpg,"gorgeous young scandanavian woman, realistic style",,,realistic style,3.127756575,0.598706097,3.054879367,0.714209477,0.85
357,581,DALLE2_normal_291.jpg,"oil painting portrait of anthropomorphic female green fox animal, long-shot, hyper detail, sci-fi style",long-shot,hyper detail,sci-fi style,2.628129896,0.875404836,2.36794927,0.813282345,0.65
358,2854,xl2.2_normal_172.jpg,"art of a mimic from dungeons and dragons, top view",top view,,,2.771446817,0.511397973,2.429699357,1.136037706,0.85
359,528,DALLE2_normal_236.jpg,"short - haired short butch tomboy blonde engineer, top view, close-up",top view,close-up,,3.715984722,0.771924597,3.897011287,0.473197245,0.55
360,897,midjourney_lowstep_007.jpg,a cat doing karaoke,,,,2.821971923,0.621457002,3.679897602,0.461713348,0.85
361,1422,midjourney_normal_240.jpg,"photoreal portrait of a futuristic intricate robot, top view, blurred detail",top view,blurred detail,,3.956504603,0.733022817,3.193491547,0.767706711,0.05
362,2168,sd1.5_lowstep_086.jpg,"a very drunk person named aaron, sci-fi style",,,sci-fi style,2.223207403,0.482324333,1.734292996,1.140776424,0.75
363,2155,sd1.5_lowstep_073.jpg,"otter making a disgusted face, abstract style",,,abstract style,2.715217134,0.57973726,2.70330186,0.511054154,0.85
364,1735,sd1.5_highcorr_253.jpg,"a biomechanical cyborg torso abandoned in a factory, close-up, HDR lighting",close-up,HDR lighting,,3.44620302,0.785345922,3.239106761,0.809848391,0.85
365,2610,sd1.5_normal_228.jpg,"a kitten with two little goat horns on his head, warm color, blurred detail",warm color,blurred detail,,2.687865421,0.290862527,2.479686745,0.58435777,0.95
366,120,AttnGAN_normal_120.jpg,"die cut sticker of a pair of lips , warm color",warm color,,,0.940601322,0.32253825,0.69188714,0.257002627,0.65
367,1949,sd1.5_lowcorr_167.jpg,"two women working in a recording studio, hyper detail",hyper detail,,,1.866501955,0.475149339,2.926636646,0.37306119,0.75
368,2290,sd1.5_lowstep_208.jpg,"french fastfood adventure pixar movie poster , soft lighting, abstract style",soft lighting,,abstract style,2.674859949,0.648672431,3.128885477,0.655573301,0.65
369,746,glide_normal_156.jpg,"an adventure party resting in a tavern, blurred detail",blurred detail,,,0.776328629,0.432207255,1.325066167,1.217743496,0.2
370,2063,sd1.5_lowcorr_281.jpg,"portrait of a philippine character in a scenic environment, top view, hyper detail, sci-fi style",top view,hyper detail,sci-fi style,1.676521125,0.58418893,1.934023105,0.891791895,0.35
371,313,DALLE2_normal_014.jpg,a small leopard gecko,,,,2.954193289,0.812933299,3.752111454,0.466311259,0.95
372,1263,midjourney_normal_078.jpg,"tree of life embroidered scene, abstract style",,,abstract style,3.344956193,0.645564813,3.410832372,0.893313365,0.95
373,233,AttnGAN_normal_233.jpg,"a penguin slipping on a banana in the antarctic , warm color, HDR lighting",warm color,HDR lighting,,0.269225899,0.675057729,0.38908069,0.543379109,0.05
374,839,glide_normal_249.jpg,"a female elven warrior wearing platinum breastplate, close-up, hyper detail",close-up,hyper detail,,0.617747593,0.413010783,0.720093959,1.049281717,0.05
375,2978,xl2.2_normal_296.jpg,"bloodborne werewolf howling in yharnam with full moon in background, blurred detail, soft lighting, sci-fi style",blurred detail,soft lighting,sci-fi style,3.25960126,0.530618658,3.055730638,1.248363527,0.75
376,111,AttnGAN_normal_111.jpg,"grand canyon full of potato salad, sci-fi style",,,sci-fi style,1.178897031,0.887921448,0.534118347,0.439784078,0.05
377,1621,sd1.5_highcorr_139.jpg,"digital painting of a lake at sunset, HDR lighting",HDR lighting,,,1.678769845,0.770325933,2.462303257,1.118537851,0.85
378,218,AttnGAN_normal_218.jpg,"a masonic illuminati waiting room with a couch, soft lighting, abstract style",soft lighting,,abstract style,0.970807385,0.335987081,0.686697692,0.651149521,0.15
379,612,glide_normal_022.jpg,panda chef in a kitchen,,,,1.527555519,0.522455718,0.909339471,0.608624901,0.65
380,2398,sd1.5_normal_016.jpg,very sad rabbit crying,,,,3.744508689,0.352841522,2.141295149,0.566794798,0.65
381,761,glide_normal_171.jpg,"grumpy disney princess sitting in a cave, cold color",cold color,,,0.212533273,0.929852104,0.518653615,0.616824934,0.05
382,772,glide_normal_182.jpg,"a female warrior in charming phenix armor, top view, realistic style",top view,,realistic style,1.255971063,0.644909035,1.354623028,1.099963697,0.15
383,1779,sd1.5_highcorr_297.jpg,"cute fluffy baby cheetah lion hybrid mixed creature character concept, blurred detail, HDR lighting, realistic style",blurred detail,HDR lighting,realistic style,2.210104633,0.72110922,2.508900426,1.028168339,0.75
384,1922,sd1.5_lowcorr_140.jpg,"cute great old ones sitting in a bar, warm color",warm color,,,2.39306082,0.846976622,3.180326333,0.845804481,0.85
385,727,glide_normal_137.jpg,"white fur furry mothman movie scene , hyper detail",hyper detail,,,1.405543444,0.581477013,2.129102676,0.784282731,0.75
386,2349,sd1.5_lowstep_267.jpg,"beautiful viking woman surrounded by treasure and gold, cold color, long-shot, realistic style",cold color,long-shot,realistic style,3.195617381,0.426949656,2.678331145,0.537606169,0.85
387,387,DALLE2_normal_092.jpg,"steampunk walter white portrait , realistic style",,,realistic style,2.974361596,0.553719554,2.433914506,1.0900711,0.75
388,1188,midjourney_normal_002.jpg,man lost in space,,,,3.912443678,0.2383012,3.609476773,0.425648521,0.85
389,1340,midjourney_normal_156.jpg,"an adventure party resting in a tavern, blurred detail",blurred detail,,,3.324474137,0.792160381,3.654274032,0.395306435,0.75
390,736,glide_normal_146.jpg,"cute fluffy lion cheetah hybrid mixed, blurred detail",blurred detail,,,1.866501955,0.402894545,2.740407521,0.633372729,0.65
391,2672,sd1.5_normal_290.jpg,"a portrait of girl chronomancer glass jewelry padlocks fantasy, long-shot, blurred detail, anime style",long-shot,blurred detail,anime style,2.321609349,0.509909457,2.30429821,0.496500566,0.85
392,1395,midjourney_normal_211.jpg,"a woman in a trench coat looking out a window, cold color, sci-fi style",cold color,,sci-fi style,4.239255074,0.756955721,4.220378228,0.404162637,0.85
393,2905,xl2.2_normal_223.jpg,"small group of nomads staying at ancient ruins, cold color, elevation view",cold color,elevation view,,3.273863243,0.412937897,3.080115584,0.331007859,0.45
394,1133,midjourney_lowstep_247.jpg,"a saint noble high priestess pray for god in church, elevation view, HDR lighting",elevation view,HDR lighting,,1.161274584,0.870232351,1.739360402,0.993663214,0.45
395,2688,xl2.2_normal_006.jpg,a river in a forest,,,,3.572719808,0.386334369,3.831912184,0.396420043,0.95
396,135,AttnGAN_normal_135.jpg,"a set of different trees and bushes, long-shot",long-shot,,,1.161804194,0.262886939,0.361141351,0.584548535,0.1
397,2963,xl2.2_normal_281.jpg,"portrait of a philippine character in a scenic environment, top view, hyper detail, sci-fi style",top view,hyper detail,sci-fi style,2.852156791,0.604865507,2.247340947,0.93799862,0.25
398,2153,sd1.5_lowstep_071.jpg,"smart sri lanka buddhist monk, sci-fi style",,,sci-fi style,2.747600946,0.604099624,2.169304869,0.689175386,0.2
399,1229,midjourney_normal_043.jpg,a frog wearing police cap,,,,3.699236596,0.485243741,3.923113018,0.346015229,0.95
400,2241,sd1.5_lowstep_159.jpg,"person walking inside a timeless bubble, HDR lighting",HDR lighting,,,2.247000453,0.983127353,2.921613433,0.438141979,0.75
401,366,DALLE2_normal_071.jpg,"smart sri lanka buddhist monk, sci-fi style",,,sci-fi style,3.0785433,0.294893564,3.082998995,0.828123302,0.65
402,845,glide_normal_255.jpg,"magician god holding a divine staff character design, long-shot, HDR lighting",long-shot,HDR lighting,,1.020469898,0.211483272,1.03178009,0.82341782,0.2
403,1135,midjourney_lowstep_249.jpg,"a female elven warrior wearing platinum breastplate, close-up, hyper detail",close-up,hyper detail,,3.091620808,0.63233062,3.364639327,0.541394703,0.85
404,29,AttnGAN_normal_029.jpg,legendary river of slugs,,,,0.747278376,0.747544955,0.530505137,0.639145334,0.05
405,2008,sd1.5_lowcorr_226.jpg,"an anatomically correct cybertronic human heart, cold color, close-up",cold color,close-up,,3.373697126,0.642405757,2.60460913,0.881042691,0.65
406,2794,xl2.2_normal_112.jpg,"gorgeous young scandanavian woman, realistic style",,,realistic style,3.360750593,0.721483737,3.480852014,0.459137976,0.75
407,2719,xl2.2_normal_037.jpg,demon queen with red eyes,,,,3.9689969,0.447164098,3.679897602,0.68220337,0.95
408,1392,midjourney_normal_208.jpg,"french fastfood adventure pixar movie poster , soft lighting, abstract style",soft lighting,,abstract style,3.727517958,0.18079734,3.285944521,0.79068756,0.65
409,1432,midjourney_normal_250.jpg,"a dramatic photo of a mountain made of layered cake, long-shot, blurred detail",long-shot,blurred detail,,3.723651273,0.578175109,3.50945668,0.329614767,0.85
410,183,AttnGAN_normal_183.jpg,"radioactive alien mushrooms in the forest , elevation view, abstract style",elevation view,,abstract style,1.871148587,0.586890464,1.471372759,1.007367299,0.2
411,1075,midjourney_lowstep_187.jpg,"softboy aesthetic in ancient greek clothing, hyper detail, realistic style",hyper detail,,realistic style,2.852156791,0.413610383,2.366720668,0.596493898,0.75
412,188,AttnGAN_normal_188.jpg,"portrait painting of a west hightland white, soft lighting, abstract style",soft lighting,,abstract style,1.252358797,0.496913564,1.137109539,1.334494852,0.2
413,170,AttnGAN_normal_170.jpg,"portrait of butterflies swarming flowers, warm color",warm color,,,1.04513849,0.439440104,0.927777366,0.722836313,0.2
414,1450,midjourney_normal_268.jpg,"spaceport on a vast desert planet with ships taking off, warm color, blurred detail, abstract style",warm color,blurred detail,abstract style,3.195617381,0.990744144,3.088035221,0.828012958,0.85
415,43,AttnGAN_normal_043.jpg,a frog wearing police cap,,,,1.23918794,0.91838711,0.605682672,0.788806643,0.15
416,87,AttnGAN_normal_087.jpg,"a tonalism portrait of a ghost , realistic style",,,realistic style,0.965602553,0.285318521,0.659590655,0.816063936,0.35
417,1226,midjourney_normal_040.jpg,an elaborate robot coding,,,,3.352004521,0.589893141,3.303761333,0.813347974,0.65
418,1381,midjourney_normal_197.jpg,"storm troopers cosplaying the power rangers , hyper detail, realistic style",hyper detail,,realistic style,4.012553286,0.5098866,3.458587836,0.682991401,0.15
419,2981,xl2.2_normal_299.jpg,"beautiful fluffy baby giraffe cheetah hybrid mixed creature character concept, hyper detail, HDR lighting, baroque style",hyper detail,HDR lighting,baroque style,3.60083465,0.486499893,3.467108847,0.549443718,0.45
420,282,AttnGAN_normal_282.jpg,"strange mythical plankton near a waterfall trying to escape, elevation view, blurred detail, realistic style",elevation view,blurred detail,realistic style,1.128999889,0.681000061,1.008066046,0.454621569,0.25
421,1078,midjourney_lowstep_190.jpg,"delicious peanut butter donut with glazing , warm color, anime style",warm color,,anime style,2.48951242,0.731428893,3.457831122,0.38390976,0.95
422,1412,midjourney_normal_228.jpg,"a kitten with two little goat horns on his head, warm color, blurred detail",warm color,blurred detail,,3.319686232,0.322498018,3.159306031,1.025665151,0.95
423,1025,midjourney_lowstep_137.jpg,"white fur furry mothman movie scene , hyper detail",hyper detail,,,1.541134741,0.552565501,2.178397609,0.848077185,0.65
424,486,DALLE2_normal_194.jpg,"a cyborg jellyfish swimming in a vast ocean, close-up, baroque style",close-up,,baroque style,2.493724965,0.788517999,3.050789396,0.994837245,0.65
425,2720,xl2.2_normal_038.jpg,christmas at kelly family,,,,3.207226865,0.629460473,3.945913227,0.405501461,0.95
426,742,glide_normal_152.jpg,"grumpy the elder gods sitting in a bar, top view",top view,,,0.887752418,0.424835218,1.26688872,0.774552914,0.35
427,2192,sd1.5_lowstep_110.jpg,"painted portrait of intense woman, anime style",,,anime style,2.7089479,0.562640047,2.545756544,0.647984848,0.85
428,1925,sd1.5_lowcorr_143.jpg,"portrait of squids swarming the ocean, elevation view",elevation view,,,2.600314118,0.808938022,2.968775923,0.672392872,0.95
429,2437,sd1.5_normal_055.jpg,a small ocean full of life,,,,2.058266369,0.644567027,2.711185223,0.844196893,0.95
430,149,AttnGAN_normal_149.jpg,"a plasticine model of a goblin raider, HDR lighting",HDR lighting,,,0.792278167,0.506241108,1.56824891,1.571595243,0.15
431,1578,sd1.5_highcorr_096.jpg,"meme about making peanut butter , sci-fi style",,,sci-fi style,0.293108755,0.338753948,0.361194066,0.363500637,0.05
432,2899,xl2.2_normal_217.jpg,"a portrait photo of a beautiful female android, hyper detail, realistic style",hyper detail,,realistic style,3.658936789,0.193393978,3.506852145,0.418503563,0.85
433,2377,sd1.5_lowstep_295.jpg,"depressed people standing around an hourglass with little sand left, long-shot, HDR lighting, anime style",long-shot,HDR lighting,anime style,3.244560073,0.468803669,1.662380313,0.661853118,0.15
434,2429,sd1.5_normal_047.jpg,stalin tapdancing on stage,,,,2.233367001,0.327660304,2.820363609,1.368970073,0.25
435,2099,sd1.5_lowstep_017.jpg,tragedy of the commons,,,,2.166977719,0.845650652,1.700092683,1.144708255,0.65
436,1317,midjourney_normal_133.jpg,"a blue abyss underwater concept art, elevation view",elevation view,,,3.727351438,0.548720487,3.3417077,0.596346055,0.95
437,134,AttnGAN_normal_134.jpg,"a biomechanical orchid heart fusion, close-up",close-up,,,1.646853146,0.676823078,1.084487051,0.831167112,0.25
438,1706,sd1.5_highcorr_224.jpg,"lovers being pulled apart across space and time, warm color, close-up",warm color,close-up,,2.38429134,0.587029487,2.354782696,1.179384133,0.45
439,1789,sd1.5_lowcorr_007.jpg,a cat doing karaoke,,,,2.354106472,0.475679937,1.972767588,0.643913468,0.15
440,812,glide_normal_222.jpg,"interior of cosmic highway created by the gods, cold color, top view",cold color,top view,,1.461647503,0.595324829,1.389857248,1.102855681,0.2
441,978,midjourney_lowstep_090.jpg,"little girl with a mushroom hat, anime style",,,anime style,2.788955814,0.716836379,3.506852145,0.628736472,0.95
442,1061,midjourney_lowstep_173.jpg,"ancient japanese fantasy garden at night, elevation view",elevation view,,,1.794295116,0.435944596,2.601056923,0.954981303,0.75
443,755,glide_normal_165.jpg,"a female hand holding a red fresh apple, long-shot",long-shot,,,1.311956077,0.611615037,0.376135781,0.448357682,0.2
444,2468,sd1.5_normal_086.jpg,"a very drunk person named aaron, sci-fi style",,,sci-fi style,2.65595515,0.798843897,2.283154863,0.806050454,0.2
445,2708,xl2.2_normal_026.jpg,a painting of a eclipse,,,,2.938008313,0.867315489,3.4459796,0.414911994,0.85
446,1869,sd1.5_lowcorr_087.jpg,"a tonalism portrait of a ghost , realistic style",,,realistic style,2.010516065,0.740772782,2.377248288,0.870247219,0.65
447,430,DALLE2_normal_136.jpg,"man in his late 40 s wearing a suit, blurred detail",blurred detail,,,3.108728168,0.572480138,3.154626828,0.462788241,0.75
448,2177,sd1.5_lowstep_095.jpg,"moon sea with stars and galaxies, anime style",,,anime style,3.145505394,0.757041718,3.080115584,0.815425236,0.85
449,1711,sd1.5_highcorr_229.jpg,"a heavily bloodied horrified pretty young woman, warm color, hyper detail",warm color,hyper detail,,3.365299544,0.657345464,3.429200187,0.607995139,0.75
450,900,midjourney_lowstep_010.jpg,face shot of a woman,,,,3.066652656,0.426446392,3.592509994,0.774877561,0.95
451,1264,midjourney_normal_079.jpg,"the infernal dark gun magicks , baroque style",,,baroque style,3.700231162,0.844881086,2.401039388,1.167818513,0.85
452,221,AttnGAN_normal_221.jpg,"goose being zipped - up by man in orange shirt, warm color, elevation view",warm color,elevation view,,1.195774268,0.774368242,0.589762748,0.678976019,0.25
453,1913,sd1.5_lowcorr_131.jpg,"cute fluffy baby panda lion hybrid , cold color",cold color,,,2.980532355,0.603574748,2.723869967,0.4276736,0.95
454,1575,sd1.5_highcorr_093.jpg,"photo of tony danza eating chili, abstract style",,,abstract style,2.986543045,0.505309462,2.355533995,0.683890224,0.85
455,602,glide_normal_012.jpg,life bar and mana bar,,,,1.010879855,0.226619409,0.731218487,0.967764084,0.05
456,1507,sd1.5_highcorr_025.jpg,a still of breaking bad,,,,2.803217798,0.702450233,2.921613433,1.120409468,0.95
457,2127,sd1.5_lowstep_045.jpg,superman punches the pope,,,,2.418144251,0.600207823,2.787496228,0.958706981,0.75
458,173,AttnGAN_normal_173.jpg,"ancient japanese fantasy garden at night, elevation view",elevation view,,,1.197015678,0.463075247,0.970486009,0.802485632,0.1
459,2355,sd1.5_lowstep_273.jpg,"exploring an epic organic and colourful underground city, warm color, HDR lighting, abstract style",warm color,HDR lighting,abstract style,3.494295005,0.684522826,3.634307323,0.638156861,0.75
460,2407,sd1.5_normal_025.jpg,a still of breaking bad,,,,2.86026573,0.646840626,3.263002682,0.563582887,0.95
461,1916,sd1.5_lowcorr_134.jpg,"a biomechanical orchid heart fusion, close-up",close-up,,,3.00308113,0.845032166,2.71292186,1.050939945,0.85
462,2780,xl2.2_normal_098.jpg,"cute fox in suit dancing in club, abstract style",,,abstract style,3.374329815,0.973526158,3.358399036,1.187163793,0.95
463,2910,xl2.2_normal_228.jpg,"a kitten with two little goat horns on his head, warm color, blurred detail",warm color,blurred detail,,3.613766055,0.213495242,2.032736844,0.918836006,0.75
464,2821,xl2.2_normal_139.jpg,"digital painting of a lake at sunset, HDR lighting",HDR lighting,,,3.089166137,0.445107788,3.425191569,0.676576705,0.95
465,1442,midjourney_normal_260.jpg,"mickey mouse head automaton held by a mechanical claw, warm color, top view, anime style",warm color,top view,anime style,3.374823956,0.637439532,2.51693257,0.612916747,0.85
466,1602,sd1.5_highcorr_120.jpg,"die cut sticker of a pair of lips , warm color",warm color,,,2.135311817,0.876753497,3.510154573,0.527472029,0.95
467,927,midjourney_lowstep_037.jpg,demon queen with red eyes,,,,2.972896262,0.545480585,3.238192633,0.632500712,0.95
468,314,DALLE2_normal_015.jpg,santa claus on drugs,,,,2.505030811,0.409191015,3.345634382,0.652234055,0.75
469,152,AttnGAN_normal_152.jpg,"grumpy the elder gods sitting in a bar, top view",top view,,,0.735230234,0.416405875,0.678198368,0.436174359,0.05
470,2685,xl2.2_normal_003.jpg,a cosmic universe,,,,3.184220697,1.124471208,3.425191569,0.724002858,0.95
471,2226,sd1.5_lowstep_144.jpg,"pendant of a silver starfish necklace, close-up",close-up,,,3.486039015,0.638759799,4.038036765,0.242974448,0.95
472,1582,sd1.5_highcorr_100.jpg,"a small garden buzzing with bees, anime style",,,anime style,2.410204999,0.387821818,2.47896401,0.805884317,0.65
473,423,DALLE2_normal_129.jpg,"portrait of a beautiful young woman, HDR lighting",HDR lighting,,,3.61615084,0.379964553,3.506852145,0.322021207,0.85
474,272,AttnGAN_normal_272.jpg,"frontal portrait of female adult twins in the apocalypse, warm color, soft lighting, realistic style",warm color,soft lighting,realistic style,0.79958578,0.384147354,0.432769184,0.469000019,0.15
475,270,AttnGAN_normal_270.jpg,"european woodcut of a wooden sailing vessel on a stormy, cold color, blurred detail, anime style",cold color,blurred detail,anime style,0.875752826,0.420010054,0.864811115,0.630528357,0.35
476,557,DALLE2_normal_266.jpg,"scottish stone cairn inside a glass jar buried in sand, cold color, close-up, sci-fi style",cold color,close-up,sci-fi style,2.630872609,0.498768714,3.056705093,0.542011433,0.2
477,1241,midjourney_normal_056.jpg,survival in a winter forest,,,,3.686651939,0.714138926,3.302738591,0.830557787,0.95
478,844,glide_normal_254.jpg,"portrait of beautiful woman with magical nebula hair, long-shot, soft lighting",long-shot,soft lighting,,1.733569058,0.966438918,0.556273636,0.604741239,0.05
479,756,glide_normal_166.jpg,"a cybertronic metallic green tree frog , blurred detail",blurred detail,,,2.403882268,0.47099903,2.811881174,0.523423959,0.75
480,765,glide_normal_175.jpg,"a portrait of the mri brain damage demon, long-shot",long-shot,,,0.0,0.262100544,0.56773439,1.381980439,0.2
481,2789,xl2.2_normal_107.jpg,"spritesheet game asset vector art, realistic style",,,realistic style,3.235341707,0.554705545,2.794502694,1.079455403,0.2
482,2215,sd1.5_lowstep_133.jpg,"a blue abyss underwater concept art, elevation view",elevation view,,,2.749685568,0.860031087,2.545756544,1.519557482,0.85
483,903,midjourney_lowstep_013.jpg,everything is a dream,,,,0.862881799,0.786103358,1.047561688,0.706540313,0.6
484,929,midjourney_lowstep_039.jpg,beautiful topaz girl dark,,,,2.644930029,0.494554346,2.657701443,0.821962912,0.75
485,2646,sd1.5_normal_264.jpg,"a hyper intricate oil portrait red cathedral interior, warm color, close-up, baroque style",warm color,close-up,baroque style,1.765019055,1.050067049,2.272678902,0.879612429,0.35
486,2577,sd1.5_normal_195.jpg,"unique epic pink space elf knight adventurer, long-shot, anime style",long-shot,,anime style,2.363781612,0.656202967,2.840103111,0.408384298,0.75
487,819,glide_normal_229.jpg,"a heavily bloodied horrified pretty young woman, warm color, hyper detail",warm color,hyper detail,,0.552320411,0.272355203,0.69188714,0.539664844,0.05
488,257,AttnGAN_normal_257.jpg,"dragons flyring around a snowcapped fantasy mountain, blurred detail, HDR lighting",blurred detail,HDR lighting,,1.126728573,0.297581066,0.890685279,0.964770893,0.1
489,2877,xl2.2_normal_195.jpg,"unique epic pink space elf knight adventurer, long-shot, anime style",long-shot,,anime style,2.808870337,0.790198638,3.469961038,0.507609893,0.45
490,1927,sd1.5_lowcorr_145.jpg,"kraken is using large sponge for bath, long-shot",long-shot,,,2.326531297,0.917069093,1.929631016,0.620513963,0.35
491,139,AttnGAN_normal_139.jpg,"digital painting of a lake at sunset, HDR lighting",HDR lighting,,,1.435991833,0.556396706,1.221288303,1.189454258,0.05
492,1027,midjourney_lowstep_139.jpg,"digital painting of a lake at sunset, HDR lighting",HDR lighting,,,1.921352979,0.828247388,2.913115479,1.3902629,0.6
493,1760,sd1.5_highcorr_278.jpg,"dark grey skinned female goblin with an oversized red axe, elevation view, close-up, abstract style",elevation view,close-up,abstract style,0.402281536,0.936608861,1.289002558,0.918706739,0.1
494,676,glide_normal_086.jpg,"a very drunk person named aaron, sci-fi style",,,sci-fi style,1.075025374,0.679539917,0.720129493,0.496435028,0.05
495,2576,sd1.5_normal_194.jpg,"a cyborg jellyfish swimming in a vast ocean, close-up, baroque style",close-up,,baroque style,3.063450866,0.550197002,3.285944521,0.479663706,0.45
496,254,AttnGAN_normal_254.jpg,"portrait of beautiful woman with magical nebula hair, long-shot, soft lighting",long-shot,soft lighting,,1.179543421,0.346498991,0.369089989,0.685083185,0.05
497,1902,sd1.5_lowcorr_120.jpg,"die cut sticker of a pair of lips , warm color",warm color,,,2.659178911,0.846416853,2.75903949,0.770234617,0.65
498,1073,midjourney_lowstep_185.jpg,"die cut sticker of chibi cute golf player , long-shot, anime style",long-shot,,anime style,2.560585504,0.642368089,2.999704571,0.863080312,0.95
499,2486,sd1.5_normal_104.jpg,"a biomechanical cybertronic frog, baroque style",,,baroque style,2.804002459,1.111505684,3.358399036,0.642459183,0.95
